baseline-php,index.php?name=Fabien
cakephp/1.2.10/index.php/hello/Fabien
cakephp/1.3.11/index.php/hello/Fabien
cakephp/2.0.0-b/index.php/hello/Fabien
codeigniter/1.7.3/index.php/hello/Fabien
codeigniter/2.0.2/index.php/hello/Fabien
-flow3/1.0.0-a15/Web/index.php/hello/Fabien
lithium/0.10/app/webroot/hello/Fabien

-symfony-2.0.0alpha1/web/index.php/hello/Fabien
-solar-1.0.0beta3/index.php/hello/Fabien
-symfony-1.4.2/web/index.php/hello/Fabien
-zend-1.10/public/index.php/hello/Fabien
-yii-1.1.1/hello/index.php/hello/Fabien
-cakephp-1.2.6/index.php/hello/Fabien

